                  epoch,         train/box_loss,        train/pose_loss,        train/kobj_loss,         train/cls_loss,         train/dfl_loss,   metrics/precision(B),      metrics/recall(B),       metrics/mAP50(B),    metrics/mAP50-95(B),   metrics/precision(P),      metrics/recall(P),       metrics/mAP50(P),    metrics/mAP50-95(P),           val/box_loss,          val/pose_loss,          val/kobj_loss,           val/cls_loss,           val/dfl_loss,                 lr/pg0,                 lr/pg1,                 lr/pg2
                      1,                 1.8379,                 2.5152,                 0.7234,                 1.8052,                 1.9385,                0.90799,                    0.9,                 0.9286,                0.56649,                0.93526,                  0.825,                0.92032,                0.30585,                 1.2488,                 2.6275,                0.72241,                  1.072,                 1.4812,                0.00018,                0.00018,                0.00018
                      2,                 1.3617,                 2.1948,                0.70865,                 1.2096,                 1.4894,                0.92857,                      1,                  0.991,                0.54662,                0.94201,                   0.85,                0.92965,                0.35946,                 1.5762,                 2.4053,                0.72346,                 1.2594,                 1.9785,             0.00037686,             0.00037686,             0.00037686
                      3,                 1.2796,                 1.7057,                0.68587,                0.94826,                 1.4102,                0.98506,                  0.925,                 0.9908,                0.69812,                 0.9315,                  0.875,                0.91483,                0.44178,                 1.0921,                 2.2621,                0.70253,                0.99175,                 1.4617,             0.00057043,             0.00057043,             0.00057043
                      4,                 1.2522,                 1.5933,                0.68385,                0.95065,                 1.3979,                 0.9118,                  0.975,                0.98658,                0.71578,                0.85246,                    0.9,                0.86106,                0.41464,                 1.0877,                  2.112,                 0.7156,                0.98196,                 1.5197,              0.0007607,              0.0007607,              0.0007607
                      5,                 1.1252,                 1.1857,                0.66424,                0.84197,                 1.2952,                0.97523,                      1,                  0.995,                0.75329,                0.87126,                    0.9,                0.88403,                0.48275,                0.92565,                 1.8362,                0.62262,                0.95738,                 1.2788,             0.00094766,             0.00094766,             0.00094766
                      6,                 1.1889,                 1.1196,                 0.6432,                0.85537,                 1.3399,                0.93017,                  0.975,                0.99285,                0.66913,                0.73765,                   0.75,                0.72425,                0.39633,                 1.2268,                 2.3877,                 0.5606,                  2.203,                 1.6488,              0.0011313,              0.0011313,              0.0011313
                      7,                 1.1578,                 1.1819,                0.66815,                0.86135,                 1.2904,                 0.9776,                  0.975,                0.99451,                 0.7344,                0.80273,                  0.825,                  0.783,                0.42458,                 1.0488,                 2.1194,                0.60706,                 1.1835,                 1.3388,              0.0013117,              0.0013117,              0.0013117
                      8,                 1.2124,                 1.1786,                0.66168,                0.85014,                  1.337,                0.95098,                0.97007,                0.98657,                0.70223,                0.92716,                  0.925,                0.90108,                0.64095,                 1.1116,                 1.6483,                0.62916,                  1.073,                 1.4214,              0.0014888,              0.0014888,              0.0014888
                      9,                 1.3298,                 1.1299,                0.64212,                0.91881,                 1.4293,                0.86732,                   0.95,                0.95105,                0.57979,                0.84377,                  0.925,                 0.8772,                0.54926,                 1.2888,                  1.783,                0.53712,                 1.3343,                 1.7062,              0.0016625,              0.0016625,              0.0016625
                     10,                 1.4348,                 1.1258,                0.66939,                 1.0554,                  1.454,                0.90804,                   0.95,                0.95355,                0.63929,                0.81488,                   0.85,                0.86461,                0.61035,                 1.2706,                 1.4665,                0.59239,                 1.9582,                 1.5971,               0.001833,               0.001833,               0.001833
                     11,                 1.2048,                 1.0854,                0.66535,                0.91702,                 1.3348,                0.80072,                  0.825,                0.88196,                 0.5793,                0.81373,                0.76467,                0.79305,                0.51604,                 1.2005,                 1.7442,                0.41664,                 2.5364,                 1.4617,               0.001835,               0.001835,               0.001835
                     12,                 1.2411,                 0.9655,                0.63807,                0.97595,                 1.3759,                0.87196,                   0.85,                0.95005,                0.64299,                0.88078,                   0.65,                0.73587,                0.47388,                 1.2417,                 2.2064,                0.32821,                 1.9551,                 1.4986,               0.001835,               0.001835,               0.001835
                     13,                 1.3028,                 1.0561,                0.62944,                0.89241,                 1.3668,                0.74371,                0.87061,                0.84974,                0.48983,                0.70172,                0.82343,                0.77959,                0.49807,                 1.4658,                 1.8427,                0.42307,                 1.7175,                 1.7444,              0.0018185,              0.0018185,              0.0018185
                     14,                 1.2899,                0.85077,                0.63212,                0.90861,                 1.3706,                0.92601,                  0.925,                0.93379,                0.60095,                0.83034,                0.85657,                0.82994,                0.59154,                 1.3233,                 1.6706,                0.48085,                 1.2985,                 1.6495,               0.001802,               0.001802,               0.001802
                     15,                 1.2712,                0.87472,                0.61959,                0.91163,                 1.3826,                0.94142,                   0.95,                0.95873,                  0.669,                0.86663,                  0.875,                0.82741,                0.55165,                  1.302,                 1.9549,                0.45006,                0.96866,                 1.5169,              0.0017855,              0.0017855,              0.0017855
                     16,                 1.2194,                0.85992,                0.64088,                0.88178,                 1.3209,                 0.9508,                0.96639,                0.99003,                0.71804,                0.86876,                   0.85,                0.84238,                0.59535,                 1.0441,                 1.7655,                0.46727,                0.80314,                  1.304,               0.001769,               0.001769,               0.001769
                     17,                  1.192,                0.87787,                0.63521,                0.92293,                 1.3385,                0.96738,                      1,                0.99378,                0.72868,                0.84587,                  0.875,                0.84078,                 0.6535,                0.99454,                 1.5611,                0.52512,                0.70606,                 1.2628,              0.0017525,              0.0017525,              0.0017525
                     18,                 1.3393,                0.94784,                0.63411,                 1.0246,                  1.406,                0.96882,                      1,                  0.995,                0.77458,                0.89286,                  0.925,                0.89436,                 0.8046,                0.96483,                 1.0139,                0.63321,                0.67664,                 1.3116,               0.001736,               0.001736,               0.001736
                     19,                  1.151,                0.76727,                0.62684,                0.89314,                 1.3478,                0.84745,                0.97224,                0.93721,                0.67197,                0.80309,                0.91775,                0.84299,                0.75938,                 1.1142,                0.99334,                0.62738,                0.95984,                 1.4495,              0.0017195,              0.0017195,              0.0017195
                     20,                  1.197,                0.75949,                0.63865,                0.89942,                 1.3116,                0.86426,                   0.95,                  0.981,                0.60619,                0.88774,                  0.875,                0.91835,                0.74653,                 1.2846,                 1.0497,                0.54762,                 1.4615,                 1.6165,               0.001703,               0.001703,               0.001703
                     21,                 1.1838,                 0.7529,                0.63054,                0.92291,                 1.3085,                0.89168,                   0.95,                0.97797,                0.70977,                0.84614,                    0.9,                0.91038,                0.71641,                 1.1112,                 1.0885,                0.56607,                0.91837,                 1.5674,              0.0016865,              0.0016865,              0.0016865
                     22,                 1.1834,                0.72746,                 0.6525,                0.85075,                 1.3811,                      1,                0.92507,                0.98906,                0.80544,                0.97214,                0.87237,                0.95426,                0.77904,                0.85786,                 1.0164,                 0.5936,                0.65977,                 1.2345,                0.00167,                0.00167,                0.00167
                     23,                  1.193,                0.73346,                0.62706,                0.84061,                 1.3289,                0.95938,                  0.975,                0.99039,                0.77656,                0.93478,                   0.95,                0.97066,                0.83835,                0.87935,                0.88099,                0.53884,                0.65972,                 1.2656,              0.0016535,              0.0016535,              0.0016535
                     24,                   1.13,                0.63981,                0.61266,                0.78567,                 1.2851,                0.98617,                   0.95,                0.99092,                0.74833,                 0.9593,                  0.925,                 0.9747,                0.83671,                0.94595,                0.87433,                0.45858,                0.69792,                 1.3076,               0.001637,               0.001637,               0.001637
                     25,                 1.1128,                0.64868,                0.59988,                0.75714,                  1.269,                0.98038,                   0.95,                0.99063,                0.75951,                0.96862,                  0.925,                 0.9639,                0.82775,                 0.9395,                 1.0215,                0.41163,                0.68946,                 1.2896,              0.0016205,              0.0016205,              0.0016205
                     26,                 1.1785,                0.76858,                0.60158,                0.81078,                 1.3142,                0.94349,                  0.975,                0.97804,                0.71404,                 0.9391,                  0.925,                 0.9129,                0.78027,                  1.041,                  1.042,                 0.4663,                0.72341,                 1.3466,               0.001604,               0.001604,               0.001604
                     27,                 1.1354,                 0.6546,                 0.6133,                0.74574,                 1.2714,                0.94953,                      1,                 0.9883,                0.71223,                0.87983,                  0.925,                0.92264,                0.77528,                 1.0024,                0.97797,                0.54841,                0.75866,                 1.2723,              0.0015875,              0.0015875,              0.0015875
                     28,                 1.0823,                0.57584,                0.60773,                0.76521,                  1.266,                0.87459,                  0.975,                0.98213,                0.74803,                0.85216,                   0.95,                0.94304,                0.79269,                0.96128,                0.85455,                0.55364,                 0.7757,                 1.2509,               0.001571,               0.001571,               0.001571
                     29,                 1.1603,                0.57849,                 0.5975,                0.76851,                 1.2677,                 0.9267,                      1,                0.99035,                  0.762,                0.90304,                  0.975,                0.96313,                0.86957,                0.94741,                0.64239,                0.52474,                0.74514,                 1.2485,              0.0015545,              0.0015545,              0.0015545
                     30,                 1.1954,                0.69077,                0.59769,                0.81227,                 1.3033,                      1,                0.91703,                0.98476,                 0.7462,                0.96284,                    0.9,                0.95312,                0.89002,                0.93562,                0.77525,                0.43635,                0.64088,                 1.2416,               0.001538,               0.001538,               0.001538
                     31,                 1.1613,                0.60425,                 0.5805,                0.81679,                 1.3114,                 0.9509,                0.96837,                0.99163,                0.78931,                0.97399,                0.93626,                  0.955,                0.87844,                0.99094,                0.81429,                0.40387,                0.62409,                 1.2587,              0.0015215,              0.0015215,              0.0015215
                     32,                 1.0952,                0.49961,                0.60937,                0.75094,                 1.2637,                0.95232,                0.99859,                 0.9928,                0.75231,                0.92851,                 0.9741,                0.95542,                0.86322,                0.98396,                0.73751,                0.36835,                0.62221,                 1.2571,               0.001505,               0.001505,               0.001505
                     33,                 1.1409,                0.46837,                0.59478,                0.73477,                 1.3122,                 0.9734,                      1,                0.99012,                0.78232,                0.94838,                  0.975,                0.94657,                0.87847,                0.93585,                 0.6886,                0.37304,                0.62612,                 1.2188,              0.0014885,              0.0014885,              0.0014885
                     34,                 1.1825,                0.51533,                0.57878,                0.79433,                 1.2568,                 0.9674,                      1,                0.99329,                0.82574,                0.91803,                   0.95,                0.94217,                0.87786,                0.90004,                0.63679,                0.39671,                0.65345,                 1.2074,               0.001472,               0.001472,               0.001472
                     35,                 1.1052,                0.59986,                0.59117,                0.73423,                  1.243,                0.98961,                  0.975,                 0.9936,                0.79662,                0.94699,                    0.9,                0.93792,                0.89061,                0.88939,                0.63768,                0.38661,                0.61909,                 1.1961,              0.0014555,              0.0014555,              0.0014555
                     36,                 1.1081,                0.54055,                0.58811,                0.72268,                 1.2332,                0.97225,                      1,                  0.995,                0.79569,                0.92332,                   0.95,                0.93974,                0.90077,                0.87919,                0.62054,                0.38747,                0.58948,                 1.2082,               0.001439,               0.001439,               0.001439
                     37,                 1.1586,                0.46452,                 0.5812,                0.73257,                 1.2975,                 0.9748,                      1,                  0.995,                0.72549,                0.92581,                   0.95,                 0.9518,                0.91793,                0.94791,                 0.5637,                0.38683,                0.57813,                 1.2848,              0.0014225,              0.0014225,              0.0014225
                     38,                 1.1837,                0.43993,                0.58643,                0.77686,                 1.3339,                      1,                0.96879,                0.99405,                0.70815,                0.94842,                0.91948,                0.93285,                0.89792,                0.96131,                0.56681,                0.38052,                0.63264,                 1.2984,               0.001406,               0.001406,               0.001406
                     39,                 1.1227,                0.46436,                0.55462,                0.75944,                 1.2434,                      1,                0.99723,                  0.995,                0.79517,                0.97495,                0.97293,                0.96339,                0.93099,                0.88161,                0.47994,                0.36762,                0.75381,                  1.222,              0.0013895,              0.0013895,              0.0013895
                     40,                 1.1065,                0.40049,                0.55021,                0.74689,                 1.3041,                0.99637,                      1,                  0.995,                 0.7775,                0.97104,                  0.975,                0.96226,                0.93966,                0.88816,                0.44862,                0.34906,                0.77014,                 1.2122,               0.001373,               0.001373,               0.001373
                     41,                 1.0563,                  0.396,                0.56528,                 0.7574,                 1.2352,                      1,                0.98643,                  0.995,                0.74653,                0.97471,                0.96366,                0.95917,                 0.9365,                 0.9149,                0.41909,                0.33322,                 0.7341,                 1.2054,              0.0013565,              0.0013565,              0.0013565
                     42,                 1.0713,                0.36941,                0.56891,                0.73968,                 1.2755,                      1,                0.96899,                0.99278,                0.76565,                0.97421,                0.94461,                0.96336,                0.89026,                 1.0181,                 0.5607,                0.31307,                0.71158,                 1.3319,                0.00134,                0.00134,                0.00134
                     43,                 1.1019,                0.38852,                0.53594,                0.73223,                 1.2734,                      1,                0.98871,                  0.995,                0.76544,                0.97471,                0.96371,                0.96575,                0.93522,                0.99078,                0.53702,                0.31287,                0.70137,                 1.2958,              0.0013235,              0.0013235,              0.0013235
                     44,                 1.0729,                0.44023,                0.53669,                0.68322,                 1.2163,                      1,                0.99676,                  0.995,                0.79946,                0.97493,                0.97235,                 0.9647,                  0.955,                0.86194,                0.41302,                 0.3114,                0.69175,                 1.1964,               0.001307,               0.001307,               0.001307
                     45,                 1.0599,                0.43379,                0.53614,                0.70446,                 1.2339,                0.99723,                      1,                  0.995,                0.78063,                0.97217,                  0.975,                0.96229,                0.95699,                0.90059,                0.37376,                0.30403,                 0.6325,                 1.2298,              0.0012905,              0.0012905,              0.0012905
                     46,                 1.0735,                0.43426,                0.52532,                0.69857,                 1.2504,                0.99513,                      1,                  0.995,                0.80375,                0.94527,                   0.95,                0.93246,                0.92542,                 0.8497,                0.37728,                0.28862,                0.58067,                 1.2076,               0.001274,               0.001274,               0.001274
                     47,                0.97956,                0.38662,                0.54882,                0.64355,                   1.19,                0.99759,                      1,                  0.995,                0.79035,                0.92643,                  0.925,                0.91384,                0.90347,                0.90674,                0.46748,                0.27733,                0.53643,                 1.2258,              0.0012575,              0.0012575,              0.0012575
                     48,                0.99505,                0.38143,                 0.5307,                0.68805,                 1.1899,                0.99739,                      1,                  0.995,                0.76521,                0.94123,                  0.925,                0.91579,                0.88968,                 1.0089,                0.55025,                0.27648,                0.56152,                 1.3091,               0.001241,               0.001241,               0.001241
                     49,                  1.013,                0.37261,                0.51391,                0.67359,                 1.1765,                0.99713,                      1,                  0.995,                0.76837,                 0.9445,                  0.925,                0.92177,                0.90765,                 1.0412,                0.60373,                0.28358,                0.61773,                 1.3345,              0.0012245,              0.0012245,              0.0012245
                     50,                0.99194,                 0.4026,                0.51112,                0.68451,                 1.1932,                0.99452,                      1,                  0.995,                0.76959,                0.92317,                  0.925,                0.91845,                0.90326,                0.97878,                0.63185,                0.30538,                0.55423,                 1.3125,               0.001208,               0.001208,               0.001208
                     51,                0.94886,                0.29113,                0.51866,                 0.6522,                 1.1542,                0.99701,                      1,                  0.995,                0.78644,                0.94214,                  0.925,                0.91784,                 0.8977,                 0.9556,                0.62615,                0.32478,                0.51592,                 1.2691,              0.0011915,              0.0011915,              0.0011915
                     52,                0.98987,                0.36612,                0.49172,                0.65732,                 1.1953,                0.99366,                      1,                  0.995,                0.81951,                0.94821,                0.91566,                0.91611,                0.89426,                0.87968,                 0.6436,                0.34473,                0.54204,                 1.1821,               0.001175,               0.001175,               0.001175
                     53,                0.97113,                0.44715,                0.49976,                 0.6635,                 1.1693,                0.99615,                      1,                  0.995,                 0.8483,                0.94766,                   0.95,                0.94109,                0.91108,                0.85698,                0.59404,                0.35434,                0.58314,                 1.1666,              0.0011585,              0.0011585,              0.0011585
                     54,                0.98329,                0.35144,                0.50009,                 0.6783,                 1.1868,                0.99665,                      1,                  0.995,                0.82509,                 0.9716,                  0.975,                0.96388,                0.96388,                0.83286,                0.33116,                0.35397,                0.55865,                 1.1774,               0.001142,               0.001142,               0.001142
                     55,                0.95405,                0.32698,                0.49623,                0.63368,                 1.2022,                0.99405,                      1,                  0.995,                0.82886,                 0.9692,                  0.975,                0.96485,                0.96373,                0.80991,                 0.2946,                0.35007,                0.57909,                 1.1517,              0.0011255,              0.0011255,              0.0011255
                     56,                 0.9977,                0.35301,                0.48332,                0.63545,                 1.1737,                0.99627,                      1,                  0.995,                0.83177,                0.97137,                  0.975,                0.96532,                0.96333,                0.80275,                0.29139,                0.32539,                0.50846,                 1.1357,               0.001109,               0.001109,               0.001109
                     57,                0.98403,                0.37734,                0.48932,                0.63566,                   1.19,                0.99643,                      1,                  0.995,                0.83444,                0.97152,                  0.975,                0.96542,                 0.9575,                0.81133,                0.28425,                0.28765,                0.46672,                 1.1386,              0.0010925,              0.0010925,              0.0010925
                     58,                0.95449,                0.33205,                0.45674,                0.60144,                 1.1318,                0.99751,                      1,                  0.995,                0.81384,                 0.9722,                  0.975,                0.96856,                0.95539,                0.80875,                0.25585,                0.20619,                0.47314,                 1.1494,               0.001076,               0.001076,               0.001076
                     59,                 0.9788,                0.32232,                0.45285,                0.67159,                 1.1926,                0.99753,                      1,                  0.995,                0.80886,                0.97213,                  0.975,                0.96332,                 0.9529,                0.79191,                0.25474,                0.18566,                0.46187,                 1.1515,              0.0010595,              0.0010595,              0.0010595
                     60,                  1.019,                0.29523,                0.48135,                0.65399,                 1.1966,                 0.9979,                      1,                  0.995,                0.81486,                 0.9729,                  0.975,                0.96221,                0.95367,                 0.7711,                0.26372,                0.18528,                0.45126,                  1.134,               0.001043,               0.001043,               0.001043
                     61,                 0.8936,                0.31947,                0.45118,                0.61609,                 1.1636,                0.99773,                      1,                  0.995,                0.82441,                0.97279,                  0.975,                0.95464,                0.95118,                0.76269,                0.27947,                0.19415,                0.45225,                 1.1193,              0.0010265,              0.0010265,              0.0010265
                     62,                0.97579,                0.31323,                0.43866,                0.63435,                 1.2035,                0.99841,                      1,                  0.995,                0.81542,                0.97345,                  0.975,                0.95839,                0.93972,                0.79156,                0.37088,                0.22305,                0.47716,                 1.1222,                0.00101,                0.00101,                0.00101
                     63,                0.93962,                0.31691,                0.43132,                0.60812,                 1.1559,                0.99795,                      1,                  0.995,                0.82827,                0.95868,                  0.925,                0.95415,                0.90236,                0.75831,                0.50585,                0.24759,                0.47281,                 1.1079,              0.0009935,              0.0009935,              0.0009935
                     64,                0.89327,                0.27476,                0.41321,                0.60778,                 1.1703,                0.99798,                      1,                  0.995,                0.84014,                  0.973,                   0.95,                0.95638,                0.92089,                0.73806,                0.45447,                0.24021,                 0.4713,                 1.0866,               0.000977,               0.000977,               0.000977
                     65,                0.92109,                 0.3986,                0.42417,                  0.592,                 1.1394,                0.99808,                      1,                  0.995,                0.82833,                0.97307,                  0.975,                0.96004,                0.93465,                0.75087,                0.47523,                0.23595,                0.45815,                  1.084,              0.0009605,              0.0009605,              0.0009605
                     66,                0.94276,                0.29336,                0.40704,                 0.6119,                 1.1734,                      1,                0.99963,                  0.995,                0.79423,                0.97499,                0.97478,                0.96192,                0.90853,                0.85075,                0.56558,                0.19841,                0.49902,                 1.1159,               0.000944,               0.000944,               0.000944
                     67,                 0.9432,                 0.3184,                0.41616,                0.61543,                 1.1581,                 0.9978,                      1,                  0.995,                0.77561,                0.97276,                  0.975,                0.96468,                0.92543,                0.92415,                 0.5124,                0.18622,                0.48391,                 1.2008,              0.0009275,              0.0009275,              0.0009275
                     68,                0.89554,                0.25589,                0.38973,                0.57672,                 1.1376,                 0.9977,                      1,                  0.995,                0.77366,                 0.9727,                  0.975,                 0.9645,                0.92735,                0.98248,                0.46893,                0.18467,                0.48131,                 1.2805,               0.000911,               0.000911,               0.000911
                     69,                0.95298,                0.28591,                0.41039,                0.60609,                 1.1731,                0.99761,                      1,                  0.995,                 0.7663,                0.97267,                  0.975,                 0.9699,                0.93723,                 1.0352,                0.40994,                0.18378,                0.49072,                 1.3202,              0.0008945,              0.0008945,              0.0008945
                     70,                0.96966,                0.33254,                0.41539,                0.61237,                 1.1838,                0.97334,                      1,                0.99012,                0.78528,                0.94901,                  0.975,                0.96616,                0.93888,                0.98498,                0.45279,                0.14226,                0.50954,                 1.2722,               0.000878,               0.000878,               0.000878
                     71,                0.98492,                0.28727,                0.37413,                0.62923,                 1.1789,                0.97363,                      1,                0.99085,                0.81202,                0.94929,                  0.975,                0.96619,                0.93898,                0.88034,                0.37294,                0.12869,                0.52295,                 1.1897,              0.0008615,              0.0008615,              0.0008615
                     72,                0.94088,                0.26896,                 0.3937,                 0.5872,                 1.1853,                0.97368,                      1,                0.99329,                0.81824,                0.94934,                  0.975,                0.96215,                0.95021,                0.82285,                0.31067,                0.12621,                0.52068,                 1.1427,               0.000845,               0.000845,               0.000845
                     73,                0.88494,                 0.2667,                0.35497,                 0.5741,                 1.1488,                0.99823,                      1,                  0.995,                0.83001,                0.97314,                  0.975,                0.96197,                0.94966,                0.78587,                0.29207,                 0.1318,                0.50363,                 1.1126,              0.0008285,              0.0008285,              0.0008285
                     74,                0.88936,                0.26136,                0.38192,                0.56984,                 1.1301,                0.97124,                      1,                0.99451,                0.86437,                0.94676,                  0.975,                0.95873,                0.94911,                0.69925,                0.26859,                0.15905,                0.46566,                 1.0481,               0.000812,               0.000812,               0.000812
                     75,                0.88132,                0.25713,                0.38624,                0.58121,                 1.1366,                0.97084,                      1,                0.99378,                0.85351,                0.94645,                  0.975,                0.95708,                0.94149,                 0.6674,                0.25397,                0.15945,                0.43036,                 1.0233,              0.0007955,              0.0007955,              0.0007955
                     76,                0.91092,                0.25354,                0.34592,                0.56699,                 1.1399,                0.97201,                      1,                0.99378,                0.84625,                0.94771,                  0.975,                 0.9604,                 0.9604,                0.65835,                0.26244,                0.14909,                0.41453,                  1.028,               0.000779,               0.000779,               0.000779
                     77,                0.91936,                0.30493,                0.34407,                0.58449,                 1.1327,                0.97333,                      1,                0.99451,                0.84856,                0.94899,                  0.975,                0.96255,                0.96255,                0.65083,                0.28075,                0.14028,                0.41667,                 1.0297,              0.0007625,              0.0007625,              0.0007625
                     78,                0.91322,                0.29882,                0.33666,                0.56758,                 1.1701,                0.99815,                      1,                  0.995,                0.83831,                0.97319,                  0.975,                0.96642,                0.96086,                0.66762,                0.33346,                0.13756,                0.40485,                 1.0312,               0.000746,               0.000746,               0.000746
                     79,                0.88499,                0.27149,                0.33548,                0.55747,                 1.1679,                0.99731,                      1,                  0.995,                0.84838,                0.97238,                  0.975,                0.96416,                0.96416,                 0.6779,                0.30812,                0.14068,                0.40303,                 1.0307,              0.0007295,              0.0007295,              0.0007295
                     80,                0.91996,                0.32476,                 0.3415,                0.58486,                 1.1751,                0.99842,                      1,                  0.995,                0.85098,                0.97346,                  0.975,                 0.9649,                0.96203,                0.68883,                0.29474,                0.15236,                0.40358,                 1.0352,               0.000713,               0.000713,               0.000713
                     81,                0.81533,                0.25343,                0.32986,                0.54168,                 1.0899,                0.99837,                      1,                  0.995,                0.83552,                0.97338,                  0.975,                0.96669,                0.96669,                0.73505,                0.26788,                0.15458,                 0.4176,                  1.069,              0.0006965,              0.0006965,              0.0006965
                     82,                0.87908,                0.23286,                0.34025,                0.58209,                 1.1314,                0.99836,                      1,                  0.995,                0.79634,                 0.9734,                  0.975,                 0.9676,                0.95736,                0.84523,                 0.2353,                0.18641,                0.44451,                 1.1685,                0.00068,                0.00068,                0.00068
                     83,                0.90749,                0.30763,                0.34197,                0.56626,                 1.1424,                 0.9984,                      1,                  0.995,                0.79759,                0.97341,                  0.975,                0.96417,                0.96035,                0.82304,                0.21432,                0.18459,                0.44238,                  1.156,              0.0006635,              0.0006635,              0.0006635
                     84,                0.88808,                0.24943,                0.32641,                0.55826,                 1.1432,                0.99838,                      1,                  0.995,                0.79925,                0.97342,                  0.975,                0.96111,                0.96111,                0.77014,                0.20176,                0.17515,                  0.443,                 1.1205,               0.000647,               0.000647,               0.000647
                     85,                0.80467,                  0.211,                  0.313,                0.52754,                 1.0764,                0.99636,                      1,                  0.995,                0.82556,                0.97132,                  0.975,                0.95978,                0.95707,                0.76367,                 0.2172,                0.15817,                0.42265,                 1.1021,              0.0006305,              0.0006305,              0.0006305
                     86,                0.89708,                0.29581,                0.32092,                0.57304,                  1.131,                0.99763,                      1,                  0.995,                0.81997,                0.97264,                  0.975,                0.96282,                0.95467,                0.69672,                0.29242,                0.13775,                0.43387,                 1.0513,               0.000614,               0.000614,               0.000614
                     87,                0.89792,                0.29936,                0.32644,                0.57903,                 1.1312,                0.99552,                      1,                  0.995,                0.84373,                0.97054,                  0.975,                 0.9619,                0.94989,                0.69515,                0.29975,                0.13154,                0.41217,                 1.0463,              0.0005975,              0.0005975,              0.0005975
                     88,                0.85792,                0.31918,                   0.31,                 0.5396,                  1.109,                0.99546,                      1,                  0.995,                0.84514,                0.97048,                  0.975,                0.96426,                0.95703,                 0.7033,                0.30162,                0.13496,                0.40632,                 1.0455,               0.000581,               0.000581,               0.000581
                     89,                0.84514,                0.25128,                0.30301,                0.54602,                 1.1112,                0.99581,                      1,                  0.995,                0.83815,                0.97083,                  0.975,                0.96027,                0.95291,                0.71443,                0.28385,                0.14234,                0.40449,                 1.0513,              0.0005645,              0.0005645,              0.0005645
                     90,                0.84739,                0.25189,                0.30274,                0.53833,                 1.0903,                0.99839,                      1,                  0.995,                0.83194,                0.97343,                  0.975,                0.95437,                0.94004,                0.75119,                0.27023,                0.13183,                0.39978,                 1.0663,               0.000548,               0.000548,               0.000548
                     91,                0.86877,                0.24637,                0.32441,                0.54246,                 1.1039,                0.99834,                      1,                  0.995,                0.83987,                0.97338,                  0.975,                0.95532,                0.94604,                0.74553,                0.25804,                0.13481,                0.39506,                 1.0609,              0.0005315,              0.0005315,              0.0005315
                     92,                0.84688,                0.21615,                0.29661,                0.54276,                 1.0936,                0.99832,                      1,                  0.995,                0.85305,                0.97336,                  0.975,                0.95547,                0.94623,                0.73679,                0.24937,                0.12965,                0.40091,                 1.0554,               0.000515,               0.000515,               0.000515
                     93,                0.81847,                0.22942,                0.31478,                0.53312,                 1.1266,                0.99821,                      1,                  0.995,                0.85109,                0.97321,                  0.975,                0.95579,                0.94493,                0.71901,                0.24264,                0.13015,                0.39793,                   1.05,              0.0004985,              0.0004985,              0.0004985
                     94,                0.85157,                0.23455,                0.31565,                0.54931,                 1.1068,                0.99813,                      1,                  0.995,                0.85633,                0.97313,                  0.975,                0.95571,                0.94963,                0.69347,                0.23945,                0.12792,                0.38528,                 1.0418,               0.000482,               0.000482,               0.000482
                     95,                0.79436,                0.18776,                0.28962,                0.49332,                 1.0818,                0.99814,                      1,                  0.995,                0.85142,                0.97319,                  0.975,                0.95634,                0.95038,                0.68612,                0.22713,                0.12623,                0.38375,                 1.0448,              0.0004655,              0.0004655,              0.0004655
                     96,                0.84307,                0.20218,                0.30084,                0.54656,                 1.1138,                0.99808,                      1,                  0.995,                0.85227,                0.97313,                  0.975,                0.95612,                0.94989,                0.68516,                0.21953,                0.12184,                0.38016,                 1.0435,               0.000449,               0.000449,               0.000449
                     97,                0.82042,                 0.1939,                 0.2923,                0.50892,                 1.0733,                0.99808,                      1,                  0.995,                0.86063,                0.97308,                  0.975,                0.95621,                0.95167,                0.67265,                0.21722,                0.11328,                0.37513,                 1.0344,              0.0004325,              0.0004325,              0.0004325
                     98,                0.75116,                0.15332,                0.27692,                0.48869,                  1.077,                0.99837,                      1,                  0.995,                0.86278,                0.97341,                  0.975,                0.95612,                0.95612,                0.66005,                0.23373,                 0.1123,                 0.3667,                 1.0237,               0.000416,               0.000416,               0.000416
                     99,                0.84394,                0.24013,                0.28585,                0.53134,                 1.1138,                0.99839,                      1,                  0.995,                0.85952,                 0.9734,                  0.975,                  0.956,                  0.956,                0.64777,                 0.2286,                0.10651,                0.36411,                  1.016,              0.0003995,              0.0003995,              0.0003995
                    100,                0.83146,                0.22464,                 0.3019,                0.53653,                 1.1004,                0.99838,                      1,                  0.995,                0.86054,                0.97342,                  0.975,                0.95593,                0.95593,                 0.6392,                0.23032,                0.10455,                0.36503,                 1.0096,               0.000383,               0.000383,               0.000383
                    101,                0.84026,                0.21851,                0.25168,                0.50997,                 1.1297,                0.99777,                      1,                  0.995,                0.85664,                0.97277,                  0.975,                0.96067,                0.96067,                0.64885,                0.23136,                0.10607,                0.35521,                 1.0107,              0.0003665,              0.0003665,              0.0003665
                    102,                0.81623,                0.27038,                0.27793,                0.51998,                  1.103,                0.99847,                      1,                  0.995,                0.86507,                 0.9735,                  0.975,                0.96342,                0.96342,                0.65531,                0.22967,                0.10308,                0.35489,                 1.0094,                0.00035,                0.00035,                0.00035
                    103,                 0.8202,                0.18556,                 0.2571,                0.50959,                 1.1048,                0.99765,                      1,                  0.995,                0.87144,                0.97271,                  0.975,                0.96409,                0.96409,                0.65848,                0.22478,                  0.101,                0.35671,                 1.0078,              0.0003335,              0.0003335,              0.0003335
                    104,                 0.8205,                0.24958,                0.28033,                0.50483,                 1.0896,                0.99766,                      1,                  0.995,                0.87123,                0.97271,                  0.975,                0.96334,                0.96334,                0.66419,                0.21931,                0.10025,                0.35579,                 1.0086,               0.000317,               0.000317,               0.000317
                    105,                0.78868,                0.24524,                0.25088,                0.49694,                 1.0655,                0.99851,                      1,                  0.995,                0.85933,                0.97352,                  0.975,                0.96543,                0.96543,                0.67827,                0.21373,                0.10269,                0.35655,                 1.0126,              0.0003005,              0.0003005,              0.0003005
                    106,                0.79308,                0.20535,                0.24055,                0.49572,                  1.066,                0.99848,                      1,                  0.995,                0.85934,                0.97349,                  0.975,                0.96886,                0.96886,                0.68691,                0.19681,                0.09866,                0.35582,                 1.0145,               0.000284,               0.000284,               0.000284
                    107,                0.80595,                0.20644,                0.27911,                0.53415,                 1.0923,                0.99845,                      1,                  0.995,                0.86176,                0.97349,                  0.975,                0.96946,                0.96946,                 0.6799,                0.19642,                0.09313,                0.35315,                 1.0109,              0.0002675,              0.0002675,              0.0002675
                    108,                0.79444,                0.20565,                0.25934,                0.48135,                 1.0961,                0.99845,                      1,                  0.995,                0.86333,                0.97346,                  0.975,                0.96968,                0.96968,                0.67282,                0.19365,                0.09084,                0.35036,                 1.0062,               0.000251,               0.000251,               0.000251
                    109,                 0.7542,                 0.2429,                0.26031,                0.46733,                 1.0354,                0.99842,                      1,                  0.995,                0.86851,                0.97345,                  0.975,                0.97017,                0.97017,                0.65822,                0.18952,                 0.0886,                0.34251,                0.99833,              0.0002345,              0.0002345,              0.0002345
                    110,                0.77472,                 0.2932,                0.27574,                0.49392,                 1.0741,                0.99839,                      1,                  0.995,                0.86693,                0.97343,                  0.975,                 0.9683,                 0.9683,                0.64171,                0.18228,                0.09012,                0.32783,                0.99168,               0.000218,               0.000218,               0.000218
                    111,                0.67021,                0.18969,                0.22127,                 0.3969,                 1.0858,                0.99835,                      1,                  0.995,                  0.866,                0.97339,                  0.975,                0.96767,                0.96767,                0.62895,                0.18088,                0.10022,                0.32151,                0.98596,              0.0002015,              0.0002015,              0.0002015
                    112,                0.67721,                0.20175,                 0.2118,                0.39312,                 1.0811,                0.99835,                      1,                  0.995,                0.86581,                0.97339,                  0.975,                0.96669,                0.96669,                0.62135,                0.18104,                0.10963,                0.31976,                0.98243,               0.000185,               0.000185,               0.000185
                    113,                0.66445,                0.23292,                0.22254,                0.40179,                 1.0875,                0.99838,                      1,                  0.995,                0.86335,                0.97342,                  0.975,                0.96749,                0.96749,                0.62246,                0.18111,                0.11527,                0.31831,                0.98202,              0.0001685,              0.0001685,              0.0001685
                    114,                0.64635,                0.19266,                0.20726,                0.37403,                 1.0366,                 0.9984,                      1,                  0.995,                0.85838,                0.97344,                  0.975,                0.96562,                0.96562,                0.64363,                0.18341,                0.12959,                0.33604,                0.99283,               0.000152,               0.000152,               0.000152
                    115,                0.66406,                0.20093,                0.19917,                0.38534,                 1.0782,                0.99842,                      1,                  0.995,                0.84958,                0.97343,                  0.975,                0.96496,                0.96496,                0.65512,                 0.1889,                0.13295,                0.34411,                0.99988,              0.0001355,              0.0001355,              0.0001355
                    116,                0.64271,                0.15405,                0.19644,                0.37605,                 1.0258,                0.99845,                      1,                  0.995,                0.84609,                0.97345,                  0.975,                0.96457,                0.96457,                0.65825,                0.18813,                0.13129,                 0.3431,                 1.0023,               0.000119,               0.000119,               0.000119
                    117,                0.64251,                0.16933,                 0.2022,                0.38151,                 1.0756,                0.99846,                      1,                  0.995,                0.84416,                0.97347,                  0.975,                0.96304,                0.96304,                0.65886,                0.18795,                0.12829,                0.33998,                 1.0033,              0.0001025,              0.0001025,              0.0001025
                    118,                 0.6585,                0.17363,                0.20586,                0.38994,                 1.0569,                0.99844,                      1,                  0.995,                0.85574,                0.97348,                  0.975,                0.95879,                0.95879,                0.64657,                0.18099,                0.12857,                0.33219,                0.99865,                8.6e-05,                8.6e-05,                8.6e-05
                    119,                0.62405,                0.13725,                0.19694,                0.36578,                 1.0378,                0.99845,                      1,                  0.995,                 0.8694,                0.97346,                  0.975,                0.95757,                0.95757,                 0.6367,                0.18014,                 0.1284,                0.33437,                0.99347,               6.95e-05,               6.95e-05,               6.95e-05
                    120,                 0.6266,                0.17577,                0.20235,                0.36806,                 1.0209,                0.99845,                      1,                  0.995,                0.86966,                0.97346,                  0.975,                 0.9555,                 0.9555,                0.62934,                0.18034,                0.12541,                0.33274,                0.98956,                5.3e-05,                5.3e-05,                5.3e-05
